,attr,importance
0,0,0.22412577
1,2,0.20656991
3,16,0.1947914
2,9,0.18739451
4,30,0.18711837
