,attr,importance
0,0,0.07053271
2,2,0.047423642
5,7,0.046794057
9,11,0.045667697
10,12,0.045047697
18,21,0.044370387
11,14,0.04243838
23,31,0.042011898
14,17,0.041546673
7,9,0.041387588
6,8,0.0412945
1,1,0.041092236
3,4,0.04106083
4,5,0.040991
21,26,0.040020745
20,25,0.039800752
17,20,0.039144233
19,23,0.037703402
22,29,0.036904506
13,16,0.036805965
8,10,0.036058396
15,18,0.034066968
12,15,0.0339702
16,19,0.03386549
