,attr,importance
11,11,0.092464484
5,5,0.09117199
7,7,0.08628033
2,2,0.08526958
0,0,0.08380734
3,3,0.08170154
8,8,0.08166788
9,9,0.08145734
4,4,0.079940595
1,1,0.079069845
6,6,0.07904494
10,10,0.078124166
