,attr,importance
6,8,0.16026334
0,0,0.11514894
8,10,0.11091788
5,7,0.10236879
9,11,0.10158122
7,9,0.094470546
1,1,0.08033601
4,4,0.07977583
2,2,0.07957289
3,3,0.07556449
