,attr,importance
3,5,0.13155076
7,10,0.12964231
0,0,0.12605011
2,2,0.12518886
6,8,0.12481774
5,7,0.12472885
1,1,0.121357754
4,6,0.11666359
