,attr,importance
1,5,0.25493726
0,0,0.24961251
2,7,0.24924675
3,8,0.24620341
