,attr,importance
5,8,0.15884975
8,11,0.13387087
6,9,0.119767554
0,0,0.11513097
4,7,0.11437157
7,10,0.09577548
1,1,0.095145084
2,2,0.08580816
3,5,0.08128053
