,attr,importance
2,3,0.15394895
6,11,0.15285343
0,0,0.14483185
5,9,0.1435012
1,1,0.13865083
4,7,0.13579325
3,4,0.13042046
