,attr,importance
1,1,0.17717232
3,7,0.16831952
5,10,0.16721801
2,6,0.16691986
4,8,0.16428272
0,0,0.15608759
