,attr,importance
3,8,0.24721977
4,10,0.200979
0,0,0.19608054
1,1,0.17939797
2,7,0.17632268
