,attr,importance
0,2,0.1745228
2,5,0.17048872
3,6,0.16921759
5,10,0.16797315
4,9,0.16408508
1,3,0.1537127
