,attr,importance
0,0,0.34150884
1,2,0.3312154
2,10,0.32727575
