,attr,importance
6,9,0.1172646
3,6,0.11628178
8,11,0.11545459
4,7,0.11178271
5,8,0.111381724
2,4,0.1103921
0,0,0.108545154
1,1,0.10614472
7,10,0.102752574
