,attr,importance
5,8,0.17465611
8,11,0.11569391
6,9,0.1149945
4,7,0.11149558
7,10,0.104553945
0,0,0.10386457
1,1,0.096980765
3,4,0.09251972
2,2,0.085240826
