,attr,importance
1,5,0.34563634
2,7,0.33074918
0,2,0.3236145
