,attr,importance
0,6,0.35174128
1,7,0.33475193
2,9,0.31350675
