,attr,importance
7,8,0.13922185
0,0,0.10944076
9,10,0.10704898
6,7,0.10207146
10,11,0.09450578
8,9,0.08539524
2,2,0.07696372
5,5,0.0753981
1,1,0.07251881
3,3,0.069330975
4,4,0.06810419
