,attr,importance
5,9,0.14852926
3,7,0.14724368
0,1,0.1464679
6,10,0.14643389
2,4,0.14221458
4,8,0.1384167
1,2,0.13069403
