,attr,importance
8,8,0.14152339
7,7,0.0988053
0,0,0.09397064
10,10,0.09258164
11,11,0.08395606
9,9,0.0757117
1,1,0.07478637
5,5,0.06903662
6,6,0.06833407
2,2,0.06768677
4,4,0.06685885
3,3,0.06674871
