,attr,importance
3,11,0.25873297
2,10,0.25654048
1,6,0.24351907
0,1,0.2412075
