,attr,importance
10,11,0.101182766
2,2,0.101095304
4,5,0.0944126
6,7,0.094325855
0,0,0.09010211
7,8,0.08807652
9,10,0.08668594
3,4,0.08642475
1,1,0.086048074
8,9,0.0860037
5,6,0.08564242
