,attr,importance
4,8,0.16874774
1,1,0.14047593
7,11,0.12643357
3,7,0.12532473
6,10,0.12163155
5,9,0.11161498
0,0,0.10490064
2,2,0.100870885
