,attr,importance
1,2,0.25457636
2,7,0.25299135
3,9,0.24961478
0,0,0.24281749
