,attr,importance
0,1,0.15093039
3,6,0.14742917
5,8,0.14347602
1,2,0.1421659
6,10,0.14071772
4,7,0.13926968
2,4,0.13601114
