,attr,importance
3,8,0.23787014
5,11,0.1631657
0,0,0.15865155
2,7,0.15817088
1,1,0.14623548
4,10,0.13590623
