,attr,importance
1,2,0.15126003
4,8,0.14639676
2,3,0.14535898
6,10,0.14505422
3,7,0.14329763
0,1,0.13916822
5,9,0.12946413
