,attr,importance
4,8,0.18020052
5,9,0.1321559
1,1,0.12303564
7,11,0.12156762
3,7,0.11772783
6,10,0.11538358
2,4,0.10534566
0,0,0.104583256
