,attr,importance
0,7,0.3365393
2,10,0.3352245
1,9,0.32823616
