,attr,importance
3,11,0.25817683
1,6,0.2570808
2,7,0.24691284
0,0,0.23782954
