,attr,importance
10,11,0.13194807
7,8,0.12737346
6,7,0.096054934
0,0,0.09573328
9,10,0.09324005
8,9,0.0808816
1,1,0.08006895
3,4,0.07922078
2,3,0.072033204
5,6,0.07197069
4,5,0.07147498
