,attr,importance
2,6,0.26577127
3,10,0.25111943
1,5,0.24730289
0,0,0.2358064
