,attr,importance
4,8,0.19223176
7,11,0.1470915
3,7,0.1277756
6,10,0.121784665
0,0,0.11452945
5,9,0.10167991
1,1,0.09888176
2,5,0.096025385
