,attr,importance
6,9,0.15026562
1,1,0.14709282
3,5,0.14516312
5,8,0.14263234
2,4,0.13969952
0,0,0.13901106
4,7,0.13613561
