,attr,importance
0,2,0.33497348
2,10,0.3341545
1,8,0.33087203
