,attr,importance
6,8,0.15490599
0,0,0.10934204
7,9,0.10891675
8,10,0.108723074
5,7,0.10624569
9,11,0.09597184
1,1,0.0865149
3,4,0.085209735
2,2,0.0749212
4,5,0.069248825
