,attr,importance
0,2,0.216371
2,8,0.20134261
3,9,0.19847344
1,5,0.1947568
4,10,0.1890561
