,attr,importance
3,8,0.21124902
0,0,0.14862093
2,7,0.14722393
6,11,0.13613313
4,9,0.12567791
1,2,0.11696787
5,10,0.11412725
