,attr,importance
0,0,0.14813334
3,6,0.14727779
2,2,0.14644508
5,8,0.14457332
1,1,0.14319764
6,9,0.13564496
4,7,0.1347279
