,attr,importance
5,8,0.18974085
6,9,0.121951126
1,1,0.11159237
7,10,0.10457771
8,11,0.10430237
4,7,0.09961616
0,0,0.09496882
2,5,0.088071235
3,6,0.08517939
