,attr,importance
6,10,0.15204307
1,1,0.14952525
3,7,0.14690375
5,9,0.14223883
2,6,0.14023535
4,8,0.13717736
0,0,0.13187642
