,attr,importance
1,1,0.10818555
8,9,0.10550719
9,10,0.10410905
7,8,0.10211281
5,6,0.10176436
3,4,0.09936422
0,0,0.097576305
6,7,0.097144604
4,5,0.092655644
2,3,0.09158019
