,attr,importance
6,11,0.18245082
0,0,0.15818691
2,7,0.15312147
3,8,0.15002388
4,9,0.12529765
5,10,0.11554435
1,1,0.115374975
