,attr,importance
6,8,0.13342944
1,1,0.13264783
3,4,0.12896919
2,3,0.12499489
0,0,0.12227355
5,7,0.12164711
4,5,0.118338086
7,10,0.11769987
