,attr,importance
11,11,0.15264662
8,8,0.10279047
0,0,0.095881514
7,7,0.083509214
1,1,0.079171464
5,5,0.0790597
9,9,0.07585664
10,10,0.07470009
3,3,0.068866946
6,6,0.06753523
4,4,0.06463303
2,2,0.05534914
