,attr,importance
0,0,0.25994685
3,9,0.2524429
1,1,0.24534293
2,5,0.24226728
